id	width	height	ar	flags
ddf9a4c5-d638-41d9-b100-07e42209e9cb	4152	6484	0.6403	1
c8c4542f-446c-4af7-96df-495fc1590e60	5190	3216	1.6138	2
498b3ae3-825d-4ac6-baef-99febf1521fa	4282	2933	1.4599	2
7652fdfd-004f-4ae7-9cc8-cb3a76a2d38f	2479	3711	0.668	1
8c5fa817-3d09-469d-9847-2de125988587	2819	3985	0.7074	1
85d75e8b-da2e-460d-b54d-0747c684922c	2819	3985	0.7074	1
f5389dd0-c6b1-41b3-a1ad-1733a546962d	3019	5274	0.5724	1
ab2b82c8-6d4c-4e6b-bd00-d874419c1c07	4061	6499	0.6249	1
17afca71-9844-4b3d-9f02-3841f770c9b8	2132	2971	0.7176	1
874b3914-2113-44d9-828f-9e1f0f94a0ea	2746	4064	0.6757	1
c14f19e4-ade1-4f70-9d95-a3cea9158a3a	2127	3370	0.6312	1
8273ba21-d2aa-47ef-bbdb-0ed93cd8d8b2	4012	2908	1.3796	2
4831ab46-8cc7-43d2-be5a-5d2367d82228	4036	2987	1.3512	2
0afad6d4-6afd-454d-8908-b722a786cd99	4098	2750	1.4902	2
dfb46baa-dd6a-439a-96b3-b97316515921	3971	2931	1.3548	2
ef2321af-1ce7-4edd-86af-dbf7ace99e15	2880	4034	0.7139	1
79815af4-c7e7-4ad9-9780-121968d43cdb	2740	3831	0.7152	1
14accc51-e166-45e4-b41b-b08191343550	6458	4177	1.5461	2
cb5f4708-8650-44b5-9569-ae2057fcd2a3	6061	4100	1.4783	2
5890e0f8-d235-4972-8aae-84d1abaf28d0	4029	6661	0.6049	1
6dd9b440-7c6e-4020-a754-3ec7ae621964	3960	5837	0.6784	1
afe0c066-dc35-47ea-8424-cdec6a5364c2	4478	4656	0.9618	1
b253e13b-bc8f-4add-b76b-644773ffb0b8	4110	6495	0.6328	1
9bc445c9-3976-4f5b-a531-a3eaf1eed31e	3780	2550	1.4824	2
3a906718-04ee-4fdf-b18c-2f5740b2d71c	4060	6356	0.6388	1
fac71df1-8a1f-4ac2-afda-846ec5d2eae0	3196	5004	0.6387	1
5201bc73-a55a-439c-a113-7d30d2dd761f	4166	6547	0.6363	1
99f64ddd-b4e9-43ee-b1a6-5d644e90aef1	4167	6478	0.6433	1
42ca334b-d48b-4067-ba65-e0e7aca07e6a	630	495	1.2727	2
057743a7-601b-47d0-9cd0-dfe813df3162	630	495	1.2727	2
50ba21f4-677a-42e4-b1f4-ced83c85d264	4088	6458	0.633	1
065f0e58-2337-4fcc-973f-799a109bec4a	3182	5027	0.633	1
48ddd385-e7b9-452d-a781-704b4a4d42d0	2934	4088	0.7177	1
888326bd-f4c6-449a-9ff2-5caa71ed125a	2934	4088	0.7177	1
f5652869-cd70-48c6-bb10-7b470d8e64db	4011	5933	0.676	1
0479e813-e2f9-4a21-8726-25e79a68c5d8	4113	3293	1.249	2
b6c59233-111a-4a18-bd77-85cfa746fe85	3044	4029	0.7555	1
5744e968-360e-4433-8ac4-ccee834df548	4140	6548	0.6323	1
653ed947-91ed-4194-a856-dc40df9e23b2	3956	2987	1.3244	2
b455537a-89e7-4b8f-aebb-467cf93a75a1	3921	6407	0.612	1
73751093-c9a7-4eda-91d1-9f6190686d9c	3129	5113	0.612	1
866aa32c-e678-495d-8de4-03361446034b	6587	4131	1.5945	2
6ea90353-35ef-4354-a57b-f126865a6952	3044	4143	0.7347	1
bd9a5cfc-2c37-4c17-a268-5f80097659a9	3113	4235	0.7351	1
773719be-8685-4295-8851-7791220ff7e0	3022	5219	0.579	1
b29094f0-1712-48bc-a6b8-8506a0e14ce7	2976	4006	0.7429	1
b68ed497-46ae-4f6a-ba28-ec1953a63375	4139	2909	1.4228	2
ccc279c9-7e5d-4943-a06e-c64a070f32cc	2967	5333	0.5563	1
ae4d79c1-080f-41c4-9b2d-2a4e5b738a28	3136	5494	0.5708	1
9737c26d-6ed9-40f5-b9a1-727e515818fe	3895	6484	0.6007	1
a485de84-fa5a-4129-8cf8-0f3e553cbc1d	1746	1683	1.0374	2
9b75e418-f236-4471-a7f0-ad6ad4f1df6e	1781	1717	1.0373	2
eca62490-1bf7-426a-99e6-5fcd6c6f45fa	1737	1789	0.9709	1
6c0dd127-118d-4bb6-98ab-9514f0663931	2819	4036	0.6985	1
84cedbb3-0b5b-475f-bb16-b26c2f66a0aa	2652	3831	0.6922	1
ccb227a3-81d8-4d21-8a6a-a30e287cc062	2861	3914	0.731	1
db535f9a-8583-48a2-b8b2-8050f780a305	3228	4258	0.7581	1
d8381626-b418-4339-9bf0-983431bf164b	2793	4075	0.6854	1
ff8f15de-262e-4446-a690-bdbfdb0c12db	4097	2816	1.4549	2
57e0666a-e876-48b9-b62c-cef0755a3c0f	551	800	0.6887	1
3caf7365-2cf2-44d6-bac1-cc083583940c	5266	4177	1.2607	2
fe8cc16f-df60-449a-bbca-371fc328afe4	4359	5489	0.7941	1
8590a05d-dd02-4b66-80f5-1bc9253373d7	4587	4664	0.9835	1
9881d64f-b534-43e0-a21f-273f2442a1a3	4639	4703	0.9864	1
70a6c36c-2025-448c-a66c-9d41b7845d09	5177	4113	1.2587	2
6b72176d-a849-4447-b51f-4f454eefe5ff	5254	4177	1.2578	2
1388289b-2326-4fc8-bcc4-e56a9350e65d	5202	4149	1.2538	2
59bcfaa8-0c3a-49c4-9744-2af886b7e6f8	4152	5292	0.7846	1
e652a2c5-eb4b-48fd-a217-bd1ef9e55787	4088	5318	0.7687	1
4ff540e2-01c7-4595-97c5-ae1c7340873d	4592	4681	0.981	1
2d7d06f4-16ac-4278-8a9d-1e1a87b3a65e	5189	4161	1.2471	2
2a272fc2-57dc-44ad-be04-0af12bed3553	6958	4871	1.4285	2
d3787242-87fe-464e-a5cb-a073db6eab29	800	764	1.0471	2
a94cfc96-9e55-4240-9093-5172d3560bf9	6276	8253	0.7605	1
0a30bb2d-031e-42cb-8247-40e078933af8	4212	6471	0.6509	1
94f27ff8-b5ef-47d8-89a3-04267ae3e737	3729	5102	0.7309	1
c945310a-0ecd-426b-963c-b7787d408b5e	3020	4896	0.6168	1
2a38a654-333f-4574-9d63-24e9318fc518	4118	6246	0.6593	1
c8001804-bb39-4eb9-859f-28227e92bf26	2929	4073	0.7191	1
4916706c-ae6a-4dfe-927e-5458a322a728	2883	3958	0.7284	1
4c89caeb-3a59-49c3-bd1d-ad8f26c6dd1d	4139	2845	1.4548	2
1c9c59fc-2a1e-4597-a39f-546ce988e4b6	4237	3108	1.3633	2
e0a0175b-dee5-4ba3-bb9a-c895f12decc2	2857	4100	0.6968	1
35b9a75f-dfd9-4f49-90ad-5a3ecb2dbcda	2601	3857	0.6744	1
da22db75-a695-45d9-971f-ec1c1b3f2c35	2806	3985	0.7041	1
0c4d4049-025e-4338-b680-7eec1312268c	2704	3972	0.6808	1
32f42bda-4a09-43eb-9567-a5d7b5c6892b	2998	4049	0.7404	1
78d39eed-5343-4b5f-99d7-76ad93c7a288	2934	4216	0.6959	1
21b35791-902d-46d1-bbe0-bfa9bea72a04	2870	4036	0.7111	1
bacfc21c-7909-4bce-b3da-012541d5517b	3101	5139	0.6034	1
925e662b-002d-4120-a84c-4e843bdff104	3780	2499	1.5126	2
b40c3f2e-7b9c-44cc-ad63-14d0dba0d240	1745	1704	1.0241	2
d34e34cf-9197-4194-be32-be8f1e180cc0	1745	1704	1.0241	2
b686c416-2360-4f34-b4e9-e0b244dc702c	1745	1704	1.0241	2
ff3f4658-5bb7-41ae-a7d8-43c3c5a16047	3006	4248	0.7076	1
8e834fc8-4a9a-44a3-b803-6656d0a15206	2793	3934	0.71	1
d26a64a2-dacc-49dc-97b9-ed1a578b3dda	3137	5200	0.6033	1
2e337ba4-5d64-4dac-89d3-5ea47511eb2b	4203	6484	0.6482	1
7d5b02ec-256f-4b77-b1b6-d6d67f18df91	2998	5074	0.5909	1
3a55b3c1-0982-42ad-9b40-74b04d2aa698	5998	4071	1.4733	2
4fa51681-ea3b-4b90-8488-289b1aa87c0d	614	800	0.7675	1
52345ad5-389c-4648-b082-11a552b34f77	542	800	0.6775	1
1d66347f-e1df-4de4-bdee-714fc41ca131	800	485	1.6495	2
5c17c97e-4eee-495e-8d55-85c022ddf618	800	495	1.6162	2
784a4fa6-c31b-46b4-99b7-1392fa4c06a4	1800	1200	1.5	2
ea1ab719-cd28-4ad8-8c2c-4268b529ab45	3218	4971	0.6474	1
04495456-2652-4fa1-be3f-924d01bbe1e8	3942	2782	1.417	2
d1293a1c-fa06-4967-93b8-dc7f0f45579b	2780	2656	1.0467	2
27a5caae-4d9a-4c76-a0cd-ca5b6183289a	1200	1146	1.0471	2
3464f864-068c-4585-aaab-549c3362ce61	2631	3665	0.7179	1
680cef4a-2878-4c42-86b1-cef2a1afe338	2932	4075	0.7195	1
a0b8c29c-a917-479f-bb96-1f8f677e516e	1781	1730	1.0295	2
b87727f3-f50b-4c34-9ab5-474682a319e5	1651	1722	0.9588	1
7e155577-2c8b-46da-a3a9-4764b4e3a395	2590	3784	0.6845	1
a01b7c6a-d560-4400-aa50-f3e54be718d5	3941	2581	1.5269	2
6d4740c2-6493-45d4-b548-d78275356920	3242	2640	1.228	2
d50c7d8c-0eb2-4b80-8924-3c2b76de0c21	3894	2724	1.4295	2
3c834794-ef75-400b-aa0c-b626a509f4e2	2609	3808	0.6851	1
d9aff2ab-28a1-4dff-a7df-2fdddee9c36d	2678	3831	0.699	1
25a1cd6d-0a22-4811-8e28-3cc2735b069e	800	559	1.4311	2
457a27aa-fc89-4e01-a05b-77a8952e180b	3942	2759	1.4288	2
8a13f1b4-8bea-4d8f-a0f7-6c1e3927c969	4487	3565	1.2586	2
590c9909-04ab-440f-8a63-74d9b19b50a7	3564	4488	0.7941	1
dae7d2c2-93b1-48e3-bc97-c07d04ecd5f3	3945	4055	0.9729	1
5fd9fb17-1d51-4e25-81ef-1c27bff02904	3972	4027	0.9863	1
f932147b-b620-4d45-b46d-2df770ce6883	4486	3566	1.258	2
10d17ee3-d631-4e48-9378-c74f333dc153	4563	3505	1.3019	2
83fbbf19-fbc8-426c-a9f2-627ea655a539	3563	4489	0.7937	1
fca2eb22-65a9-4ae7-a846-e744ec0357ef	3521	4542	0.7752	1
6cf8d8ab-3927-4ccf-9135-b2aeb9332e06	4841	3304	1.4652	2
667df8b8-cf64-467d-a7ea-a5980ed31464	3962	4038	0.9812	1
c35270a0-a016-49cb-b1e8-aa5ed7cc82f6	4466	3581	1.2471	2
6c8dcf19-3fc8-4993-be63-8144248435e6	4775	3350	1.4254	2
525a5ba7-0f53-43ce-b4af-bfcf222b1484	875	1200	0.7292	1
3a3280a7-650a-4e1a-aa35-4e3b8cbc24fd	3061	5158	0.5934	1
d692a51b-1b84-4984-816d-5f7745d8f563	2981	4853	0.6143	1
c66e254e-09d3-44f9-bd77-717f82f3bf21	3138	5097	0.6157	1
43aba138-ec45-47d6-9a1a-6e88f165e3da	3140	5096	0.6162	1
da7463b7-a5c2-411d-85ee-10320ca47804	2843	3906	0.7279	1
7748d174-8142-42bc-bd8d-ef0214852355	3533	2560	1.3801	2
689991e1-d672-473f-b826-fcae61907fee	3876	2726	1.4219	2
c2206afd-c231-4c7a-83ea-c551489db421	3965	2751	1.4413	2
db495c63-2526-4c2c-8386-5e81f40f15eb	3996	2889	1.3832	2
3bbf5731-d138-4530-ae17-7d54bfd0c431	2690	3943	0.6822	1
dced415a-6114-424a-96c6-be50c8ab34f5	2457	3724	0.6598	1
5dca7060-e221-4324-8b47-4467209e8454	2750	3944	0.6973	1
742beccb-8c17-426f-b964-d2ffaf77cdca	2603	3823	0.6809	1
64bfd647-6d88-4778-8827-9c0f8acc25b9	4738	2874	1.6486	2
b6d21dc7-ec46-4623-a58a-e6eaccc660f6	2048	1515	1.3518	2
405c1443-8699-4fcb-9571-4d3cee4ce5c7	2764	4053	0.682	1
20cb8216-bdf5-445c-9cd5-8d9a8da2d3f2	2783	3960	0.7028	1
dc2d00fc-3c6f-4d13-ba0f-ae0b89bfbaa7	3101	5139	0.6034	1
a8da4bd2-eb1f-41b1-ac05-49b9c4e1d079	841	1200	0.7008	1
7bbede06-c3bb-4ac4-a888-a461dc86b052	3906	2606	1.4988	2
1fd275f0-759a-43f8-a9d2-b8568bc03845	1745	1704	1.0241	2
cdcafeb0-3f36-42da-89a3-052047fd2ea7	1720	1720	1.0	4
f52d1260-6284-4b8e-bc47-86f4748e5fea	1711	1711	1.0	4
5bec80c8-208e-4a1f-8599-301b95629af6	3140	5096	0.6162	1
14daa390-7902-4c61-801a-a67fa99f433b	4843	3303	1.4662	2
772398bb-d333-4758-8633-f9410fc1b555	3141	5092	0.6168	1
4b64b1d7-2cf1-42c2-888d-44019fa03be3	3120	5127	0.6085	1
d58ffc81-1cd1-49ea-9e2f-8ea8735beeb3	3147	5083	0.6191	1
1ed9a0ee-7cc5-4195-8ea6-2b8b37b5e191	3956	2661	1.4867	2
3f6d9fcc-da36-4862-b433-792eac24aab0	4113	3293	1.249	2
c1b208aa-f224-47c5-b9e4-865ee982b275	3982	2580	1.5434	2
7bf5b8a9-c852-4ebb-889d-42aa0dbeb063	3413	4687	0.7282	1
b201aff5-cbc8-4d77-b9c3-8131657aeaa5	3941	2581	1.5269	2
a31eea74-795c-4838-9559-d146a15ed1bb	3196	5006	0.6384	1
30a4f72c-8e7f-49d6-847c-52e070545d80	3160	5063	0.6241	1
17bed4af-d254-49a9-bf1a-b49eb722a231	2774	3950	0.7023	1
12567b3e-4580-478e-9745-c75891193bb7	4836	3308	1.4619	2
5cd9762b-8d4c-4418-9cd6-99489837fa7a	2464	3642	0.6766	1
04727cf5-fce1-43b8-914e-2680c49bb1cc	2658	3871	0.6866	1
516a3e5e-ed31-4391-a006-e6edaca36f77	2825	5247	0.5384	1
396c7892-ee05-4039-ba24-e26b2a76b5db	2745	4924	0.5575	1
3893f0e4-63e1-498d-ac3f-ef304091e1e7	4545	3520	1.2912	2
62b4288c-ced9-4830-89ec-39d05a9ebfca	4545	3520	1.2912	2
79259922-c53e-4679-be9e-ffc2a0ef3e6e	3386	4724	0.7168	1
b8e06d0e-31aa-4be7-8e4b-36fa362de6f7	3522	4542	0.7754	1
c91db633-8e6b-48e8-8411-06454845f1e4	3386	4724	0.7168	1
6f158059-d3d3-4e80-a59d-ea6c38bb2c9d	3175	5039	0.6301	1
0f50e95d-0958-4c5e-bd4f-036fdf03ee11	4731	3381	1.3993	2
ff7385b2-e75a-437e-9f83-851b270515e8	3482	4594	0.7579	1
da3b99ae-9043-4b56-83ad-ff6c3fb4b7cc	2033	3073	0.6616	1
36ea9608-6a9d-477c-95b6-1f14939030b5	2033	3073	0.6616	1
486d1815-b3b6-4d44-95e6-d420b0af3d20	3298	4849	0.6801	1
d6d17800-9629-4a72-bec0-a5415437348d	3409	2406	1.4169	2
7e4f0ac3-ce9e-43ea-aed4-77813be294c7	4019	2383	1.6865	2
41e84819-931b-4cf7-ace1-733697fa65e8	3278	4881	0.6716	1
4856d3da-9d9c-4a7b-9c17-a25c8eb73d50	3366	2418	1.3921	2
a5d01266-b384-4d1c-bdd1-5450bcce2056	2825	5206	0.5426	1
0f4b5b49-7608-4ce3-940a-e8c09e04d2f8	2760	4019	0.6867	1
1acfe5a5-1ac3-4961-813b-0b5725f5658d	2760	4019	0.6867	1
4c14d95a-d37b-45c3-baa1-698fcadfaede	1874	3025	0.6195	1
a67025b0-3d20-4595-b4d4-e4f93f4496ef	1874	3025	0.6195	1
24436be2-262b-4e99-b5e2-85d8a24288b0	3876	2822	1.3735	2
2dd43c2e-d347-4932-bde2-3e21ed615bd7	3762	2665	1.4116	2
5bcc170e-d262-4ea8-a3d8-a3df1b6f7dea	3762	2665	1.4116	2
9e785305-d2e1-4c3d-84a3-45867335e381	2845	3883	0.7327	1
e621fedd-2b26-41b0-968d-179832212c80	2704	3883	0.6964	1
e1cf3fa0-438f-4cb2-b2de-1562f7073677	2533	3521	0.7194	1
b2cf4ed1-c48d-47d2-8576-3addb539f829	2533	3521	0.7194	1
bb7c871b-4225-4f1d-8bde-a673d244007a	2659	4733	0.5618	1
eefab34d-b588-4fff-8ec4-cc2d9dfa7532	3288	4864	0.676	1
0d8d4705-13fb-4e42-861c-e6cb0988c88e	4965	3221	1.5414	2
80a1874c-6ffb-4b1b-a16a-903de63f16a8	4965	3221	1.5414	2
74ae53ff-f044-4b5c-9658-212b7e793ee7	4863	3290	1.4781	2
95d91e7f-9b77-4d39-a4d3-0486e038b304	3114	5138	0.6061	1
ce6828ac-6a9b-495f-94db-7ad84befa018	3522	4542	0.7754	1
43103164-84e2-4cca-82d1-109a17f4161a	3182	5028	0.6329	1
74602ba4-fd37-4934-b08f-00181abb9978	3196	5005	0.6386	1
ff21a491-43d6-4a46-82b9-bf339933a344	3196	5005	0.6386	1
b0c79aad-708c-4c72-95c4-29170fff025c	2574	3457	0.7446	1
68f62f2d-2a44-44ad-874f-140b89415650	3244	4932	0.6577	1
ee952843-e34c-4236-946d-77bbceeb835e	701	1200	0.5842	1
08203435-50c3-4c61-bd77-c21a210990ab	921	1200	0.7675	1
747a3c66-e0cd-489f-afe9-d197412d029f	548	800	0.685	1
9b04cac9-d30b-4a18-b7d2-afa84cd71d97	3319	4820	0.6886	1
8c2911f9-cc9c-4f05-82d2-8a2892918b3a	3784	2597	1.4571	2
304f2a7e-cce1-415f-897b-0a253aabd890	3143	5090	0.6175	1
c84bd6e4-57e6-47d2-926d-ccbefb1702bf	3894	2724	1.4295	2
4a10f18f-2a90-4217-b595-ea2e7dc51bfa	3741	2563	1.4596	2
e4b28c8f-8443-4d01-a3ef-c3c0ccae5aca	2872	3496	0.8215	1
a36d8738-86e0-4bdc-bf0f-d88bf1319e83	2872	3496	0.8215	1
eccef875-5e24-4af1-b3bb-0944d6b5414b	2872	3944	0.7282	1
df93dd65-7f4d-4bec-b361-05789309be71	2709	4405	0.615	1
1e7198ed-0c8f-40d1-9f81-58afc7d7565d	2825	5206	0.5426	1
116f85f4-73bf-42b2-a52e-d300ef63b35c	2773	4309	0.6435	1
9f3fcd24-29d9-4b95-b334-1fea54d07c16	2714	3215	0.8442	1
b455c37d-6ff9-48b9-aac2-6ceaeb932d76	2927	4039	0.7247	1
b69a1447-68b8-4960-a729-7b705e8b1621	2504	2761	0.9069	1
9a101595-7016-4841-9a03-1a35b70d608b	4777	3349	1.4264	2
9516687b-cf05-4551-b77a-bef522001f6c	4777	3349	1.4264	2
154b231f-1fb8-4b79-954c-df74e9f4a1c4	3116	5239	0.5948	1
7ef7c421-90d1-4a27-a0a6-afbd9fe8a75a	3172	5044	0.6289	1
fa2905c0-87bd-44bf-b701-d9843cf50894	2664	3229	0.825	1
883ee448-f897-4cf1-83e0-5185ccb2c0de	2921	5019	0.582	1
80c09fcd-77b9-4d91-9e94-cce01d413121	4673	3423	1.3652	2
8f03556f-f016-4676-93be-4a596121ae4e	1805	2683	0.6728	1
07db88f9-1cdd-428d-bf5a-59a1c85e1a9a	667	1200	0.5558	1
69736324-1bdc-468d-a332-f812e97a54e0	2551	4584	0.5565	1
993b64b8-713c-49f7-a880-bc7a9405f348	3320	4817	0.6892	1
d2498fb3-a28d-4b7b-8861-6c6e517c624e	3186	4516	0.7055	1
389f5f0e-2b04-429f-a156-421c9676e110	3127	5116	0.6112	1
b17b7f74-b6c9-4f8e-a515-4fb4700d3173	3290	4863	0.6765	1
cb86c547-1903-4e44-a1ac-4e521e69b562	2905	4090	0.7103	1
af8c2d3d-0e12-4255-8ad4-487abf545a14	2770	4001	0.6923	1
f0c069b4-d706-4f32-b5d2-8dc443bd1fa3	3982	2580	1.5434	2
041a59dd-e63e-4e13-ab3a-429a8eec22a6	3117	5131	0.6075	1
bc6de284-9796-4e7e-a12a-423f710dff1e	2664	3932	0.6775	1
95af0f51-f152-407c-b390-26a2bf216ec6	4305	3152	1.3658	2
0c024672-9203-4d2e-b9d1-7238eb481d8d	872	1303	0.6692	1
d9e9ae06-c380-4474-8b2d-44a5b77cd8f3	4044	3955	1.0225	2
5859a0b5-da35-4540-977e-b7e4e874c42d	3978	4021	0.9893	1
98858e82-2cc9-4ea4-9c51-16a482a792b1	3120	5127	0.6085	1
d3d9e066-3199-47c6-9dc6-b21d7fc1d93a	3120	5127	0.6085	1
67023fc1-7aa4-46d9-8aa3-d1e35008b12f	3131	5110	0.6127	1
bf0bf978-9d52-4fbf-acf8-67e7bf5c02ee	1036	1200	0.8633	1
97197aff-05a7-408f-b340-8d7b82197a12	2709	4405	0.615	1
574a56d4-f615-4cd7-b2ea-5cded4a6418c	828	1200	0.69	1
ac8c661c-f212-4b20-a637-9790f1f4da86	5108	3132	1.6309	2
25212d86-63e7-4827-a096-dca85526de07	4826	3315	1.4558	2
1d032a82-e711-44e3-8cb7-766c79f4de99	3331	4803	0.6935	1
1b7bb962-6933-4712-8f0b-cdc8708c6a6e	3331	4803	0.6935	1
c6cc6fad-4b8f-4660-aa37-8c729cf6405c	3169	5048	0.6278	1
a82a9e1c-6ba0-4fdf-9576-2fb61757d7fa	3868	4135	0.9354	1
c23cc465-e136-4d6b-b17e-5fc9f6bedfc7	2268	2435	0.9314	1
2df9e929-6083-439a-bca2-9b042fffda94	5035	3177	1.5848	2
b0157d91-2e02-47af-91c0-aa59b5c26f9c	4035	2806	1.438	2
2a9b37b8-cf2a-44d9-8a8d-d56daea1c992	4035	2806	1.438	2
b783aa09-adca-4df8-ad96-25d9d5fd8571	5317	3008	1.7676	2
2c6f150d-a323-4278-958e-dfc0de7c678b	5317	3008	1.7676	2
e1b612ce-efde-4f5a-9a82-0b7e4c2d8f74	3945	4055	0.9729	1
8ec49307-fbb8-4864-8c75-7096d31030f2	3172	5044	0.6289	1
f6d41864-51e0-4c37-b6b2-b7b9115dda44	3197	5004	0.6389	1
faadf4c3-6355-4670-8d19-9898c8ff6fed	2108	3121	0.6754	1
6d1d20c3-3ced-4cee-ae00-5f7f24a19001	851	1200	0.7092	1
458c49f9-7bd7-423e-a7ca-5063aed0c85e	2503	3649	0.6859	1
3211b424-c612-4f5c-895a-36c3d38d7629	4817	3321	1.4505	2
1fdd91c9-898c-4ec9-a919-267e5ead2831	798	1200	0.665	1
5f913dd5-4a8f-4727-b641-510cf383a59d	1970	2961	0.6653	1
0a648a4d-628b-498b-af94-c09fed99a380	2883	5151	0.5597	1
ed9d364d-b75e-45f7-9970-255f0bc8e2da	2846	4150	0.6858	1
847bd280-1686-4b50-8696-eee478502b24	3310	2664	1.2425	2
3f27abc4-99c9-4dc0-b4c1-0522afb0890d	2782	3651	0.762	1
0627f73c-d4a5-4e6d-87ff-bf10356e3dbd	2538	2912	0.8716	1
950fa577-f7b3-4f50-acad-a7029dc26309	4099	2608	1.5717	2
099e8416-4c68-4440-b4b3-e119aa5f0de4	2907	4464	0.6512	1
517161f1-5b20-4507-bdc4-39e15be9af1a	814	1200	0.6783	1
870eb604-f621-40bb-956c-7247a4f76e9a	2678	3944	0.679	1
8dd8e691-50d2-4a01-b90d-8036c56fc4a3	3983	2793	1.4261	2
955beef0-1bde-4934-89d7-61185575d8ec	2891	3974	0.7275	1
7d7ed71b-8b99-40ec-92b6-fce0b2639203	4879	3279	1.488	2
834a568f-c485-42c8-bcb8-fc0bd8918bb9	3368	4749	0.7092	1
288407c2-66af-4a35-9983-c0ab80b4b3fa	4720	3389	1.3927	2
82dbefca-7035-4690-862a-83f2b66d13c6	3413	4687	0.7282	1
808687b9-da43-4233-971b-d2b6acae3c10	3270	4893	0.6683	1
24a56f54-05cd-410d-bcda-90318fd243f6	5080	3150	1.6127	2
281a9dfe-976b-4781-8cc4-73aa6f6e330b	855	1200	0.7125	1
3f2a5068-4963-48e6-a2e2-1d631e9f2dc6	2541	3713	0.6844	1
d845671d-5a8e-486b-a553-46799d0c0006	4906	3260	1.5049	2
1d2dbb8e-b14f-4272-b7ae-a027e0e65466	3239	4938	0.6559	1
b0416dbb-b7f2-4d48-84ee-5481cd8660c4	2491	3744	0.6653	1
e275ff46-7af9-45f2-8fb8-4ab2549c68ec	4166	2724	1.5294	2
2c40f0a3-3a5b-4731-b386-627eafb46254	4863	3290	1.4781	2
7f1929c8-0938-4c09-9ab2-33f1303ba99f	3471	4609	0.7531	1
3b9b4d87-5ca7-4a5c-aad9-7c5b9fa5a66d	3241	4936	0.6566	1
96a5fb29-21b0-41ea-aeb0-1da37c21b004	3207	4987	0.6431	1
94e2bcc8-03fa-456f-b57c-e9afc496b7ed	3222	4965	0.6489	1
eb58d0f1-5dc1-4045-8b27-4d7baae4e9ab	2892	4509	0.6414	1
52a6012c-9b8f-4d98-bbd2-3ffe752aad03	4598	3480	1.3213	2
964c5a56-b0b3-4aad-8780-120f99a19d33	3214	4978	0.6456	1
28dfd46c-bf23-4c69-a09c-9f8aa1694041	4799	3333	1.4398	2
0768d805-7a25-4883-b960-c8bc319b4541	3609	4433	0.8141	1
0c822000-28d3-449b-baa9-089127c334db	3136	5063	0.6194	1
8d1c15d5-da07-4f51-bd12-a1990024d2cf	4105	3896	1.0536	2
5651c374-f643-47f6-ba97-669d90f66e09	4005	3994	1.0028	2
83ba8e9d-5f25-4e6b-a3e5-929e9743253d	3556	4498	0.7906	1
1121c49c-fee6-4ffd-ba93-693d4caa6ae3	3352	4772	0.7024	1
a667e569-1116-4165-b33f-3c6d83ad4793	3294	4857	0.6782	1
ac07bc1c-2c12-439d-bcae-5ba4d41372b7	3352	4772	0.7024	1
358c7820-1767-43b2-bc74-b9ad8f9e6f8c	3398	4708	0.7218	1
b8c78865-be1b-4027-b32b-a8f56224c3eb	4852	3297	1.4716	2
0953a2e2-2074-40a7-88cf-02be5b8ae148	3323	4814	0.6903	1
94685f41-f5c2-434b-8a0b-192500a016d1	3375	4740	0.712	1
aa416c6e-a0b1-4cc0-b77c-86dab75183a5	4894	3269	1.4971	2
8e7cec0e-89c2-4d4a-8567-4a6938085573	4899	3266	1.5	2
9527964b-7fa1-4f0a-80ce-9aab859e02f0	4895	3268	1.4979	2
ec13afc2-d8f8-43d7-add7-dbdec1ef713c	4509	3547	1.2712	2
9018c36f-f11b-4fad-96e3-a8509fe8a39e	4779	3348	1.4274	2
f5518adf-ae57-4ceb-98ed-88d357c883b2	4898	3265	1.5002	2
831f170e-4eb2-4c3e-b2a4-96e8f5069971	4775	3351	1.4249	2
481d935e-ee32-4214-a001-051734a0efaa	4851	3298	1.4709	2
cc0038c4-ab7f-412a-9ae7-515cd041f0d3	4652	3439	1.3527	2
e1c3dd2c-81b8-498e-9cd4-ac40fcb9cec2	4680	3418	1.3692	2
772f5773-b3eb-4bd6-b2b6-8b1d83e7f844	4676	3421	1.3669	2
931311c9-7837-454d-a2d3-b532f6496add	4726	3385	1.3962	2
4175dd0d-ad4b-4c88-b7e1-22f084b47b3e	3463	4619	0.7497	1
f3726b62-b03d-46d6-ad5a-35fc205a33d1	4653	3437	1.3538	2
5571e72e-7dbf-4e98-8fcb-44015e381b8a	4662	3431	1.3588	2
10dd7489-4e1f-4945-a7d2-d508aa16bee1	4781	3345	1.4293	2
e7da5e55-5937-4abe-b3bb-268945ed198e	3386	4724	0.7168	1
73192e40-9ce6-4077-a14a-05170d81926b	3165	5190	0.6098	1
f79c5577-1c40-4a38-9ba7-c1e9d3ab36da	2583	4689	0.5509	1
93dff1b6-cf33-405a-a7b8-45b1f9a68087	2583	4689	0.5509	1
438593cb-8091-4f2e-b5da-8571a8669279	3152	5075	0.6211	1
2163e8fc-d0bc-4ba9-8f8f-098c66819281	2664	3391	0.7856	1
2bc31be0-1dc2-4c2f-83a2-d3375a059897	3109	5145	0.6043	1
cbb16395-003f-47e4-8447-240d2da0f111	4660	3433	1.3574	2
ffabff38-5dc5-4ac9-87fe-d5cfc0d40ac1	4798	3333	1.4395	2
fa40b89e-fb85-4026-86e0-718be12116e0	4765	3358	1.419	2
6260da79-4d69-4ac0-87c7-60a6e9e1cf22	3611	4430	0.8151	1
33cca42c-117e-4c9a-bd6b-edfc2c0dd898	4763	3358	1.4184	2
3883b031-cd8f-49e7-98cf-2e7d0b663c1e	4875	3281	1.4858	2
70573478-eaf9-4bc0-8984-2d5ddcd33847	4716	3393	1.3899	2
e6898060-9bc9-4824-bba8-4638360ffed8	4719	3389	1.3924	2
7acae45b-d91e-4227-b484-713c3c93ba3f	4755	3364	1.4135	2
86f1d01e-415e-4280-9635-bd951a604e77	3403	4701	0.7239	1
9f9c08f7-bf5d-4a77-89f0-d46d713dee08	3162	5059	0.625	1
2cb46f96-f635-4717-8534-f4761bb8ece0	3227	4957	0.651	1
8260235a-7217-42bb-9a8a-0df59cbcea85	2934	2857	1.027	2
f494d68a-d166-4d93-bd2f-349d69563d18	3165	5054	0.6262	1
44adfb4f-94a1-441f-89fc-73e7fac5c6ac	3232	4951	0.6528	1
d8b66154-8f07-447a-ba11-42b7d6c880ea	3115	5136	0.6065	1
7dd52c1f-c66a-4208-8ba1-873fba756ace	3164	5055	0.6259	1
38611d87-777e-4b3c-b99f-35bc7e275e8c	3127	5116	0.6112	1
cf5c9171-223b-49b1-86e5-0809011ce290	2270	7047	0.3221	1
1ffcc41d-78c4-4e14-8f8e-5ce1fd2eba0c	3173	5041	0.6294	1
0497535c-da9a-4256-b153-964d37910d4c	3137	5099	0.6152	1
4069608c-ab48-4665-8f14-144316f427a7	3181	5030	0.6324	1
74617e55-fdfb-455e-ba67-066595f45724	3097	5165	0.5996	1
3cc4ae99-b2a3-4e48-99fe-a4e311bdce19	5023	3185	1.5771	2
ae9838ab-a435-4693-b2c7-685924169caa	3140	5095	0.6163	1
5ca5e9c3-cdc0-48d1-abd6-9d03d1f0bba3	3151	5077	0.6206	1
03bbeb56-1c2f-4d6c-879b-cf6437ab51c7	3216	4973	0.6467	1
ae760f4b-bb89-4c66-b46c-d6a9a391a48b	4469	3579	1.2487	2
f4011fbe-34c6-4a6a-a76e-f08df6951edb	5169	3094	1.6707	2
74d8ccd0-a0c2-4b78-b2ab-4b06c6e4fa45	512	800	0.64	1
58c802b2-3551-4545-be40-f3da1b4378cf	541	800	0.6763	1
8d7e12b4-f27d-4027-b09c-18bcf45240e5	800	533	1.5009	2
84931f5d-83e5-4c8d-9146-c12a5c8bc6be	1600	999	1.6016	2
44c8dd01-ad95-416d-be44-cb0ed5854d72	421	640	0.6578	1
0f0b5185-a1d3-4d3a-91c1-2041f0810f89	480	588	0.8163	1
69348e5e-6b6e-46de-beb7-b743b11a0a4f	502	480	1.0458	2
df989381-2c27-45f1-b897-217d956d51f5	277	340	0.8147	1
e769666f-b957-4a4f-8bb9-d30e40a67c90	375	284	1.3204	2
cb5848cc-28fb-4f39-9d74-f281349c4719	3648	2736	1.3333	2
869e788f-81cc-4bb4-b6c5-4bf18c4f638b	1000	357	2.8011	2
b354a4dd-806e-4351-bd7b-ae228121d412	2766	3983	0.6945	1
c83eb728-cc20-47b8-bae7-18b229ec8925	3105	5151	0.6028	1
a77741e4-f9a2-44e4-88db-268ce20c24ea	640	394	1.6244	2
ece0174c-e31c-46c7-9743-7ed4d31a8170	640	459	1.3943	2
13aef366-59a1-41ee-8884-232c83bf9c23	640	457	1.4004	2
3ac9c762-7659-48a6-8448-7aa273a776a3	464	640	0.725	1
18e532e4-1560-4b4b-9c39-58d2b196f522	640	466	1.3734	2
9866a88a-2499-4886-b769-389e379c7b21	640	454	1.4097	2
66a6edf1-c5ae-402d-b07f-e4a11924e9fb	640	430	1.4884	2
646c343c-4be9-4c3b-ab88-27be3c52b4e1	640	433	1.4781	2
1272dc4d-398f-40d1-a401-e90ada4d6886	640	451	1.4191	2
23dd1eca-e98b-4d01-9055-9c9b6bec0e21	2702	3844	0.7029	1
939f39af-5f3b-46a1-b750-1d68ad00e8cb	2344	1920	1.2208	2
c553b4a9-c99c-4522-bcc6-9151e8adfd53	700	494	1.417	2
b31ee886-4821-46fb-9270-22a0885ca5ef	944	620	1.5226	2
50effb37-7076-4522-a384-bbf942d17b8b	4156	3403	1.2213	2
00e904d2-3e4b-4ebf-af8d-307864f886fa	3956	2661	1.4867	2
f8de382f-d235-4901-80ee-af2d22ccebff	2999	4052	0.7401	1
dbae3356-efbf-4d3d-b079-a0b97428c90a	2847	4033	0.7059	1
60b1f796-9355-4103-9cfe-5195e5ad527d	2847	4033	0.7059	1
dd1330c4-cb56-476b-ace3-190411f31a56	672	744	0.9032	1
